,file,timestamp,summonerName,participantId,puuid,championId,teamId,individualPosition,assists,kills,deaths,champLevel,goldEarned,totalMinionsKilled,neutralMinionsKilled,visionScore,wardsPlaced,detectorWardsPlaced,wardsKilled,totalHeal,totalDamageDealt,totalDamageDealtToChampions,magicDamageDealtToChampions,physicalDamageDealtToChampions,trueDamageDealtToChampions,totalDamageTaken,damageSelfMitigated,damageDealtToObjectives,damageDealtToTurrets,turretKills,turretTakedowns,inhibitorKills,inhibitorTakedowns,win,timePlayed,firstBloodKill,firstBloodAssist,firstTowerKill,firstTowerAssist,killingSprees,largestKillingSpree,largestMultiKill,doubleKills,tripleKills,quadraKills,pentaKills,unrealKills,12AssistStreakCount,itemsPurchased,longestTimeSpentLiving,visionWardsBoughtInGame,consumablesPurchased,spell1Casts,spell2Casts,spell3Casts,spell4Casts,summoner1Casts,summoner2Casts
0,all_matches.json,,,1,oCX6ooSv9I7Ivv3x80xT_lOKNjZPV5jQCPStEGwLn5XvDAtxOvdgOOXGGxd4-gwBJLbeg3HfHuD2og,79,100,TOP,7,5,8,15,9796,154,0,13,10,0,0,9558,108424,15716,14799,812,104,32260,26848,3389,3389,1,1,0,0,False,1601,False,True,False,False,1,3,2,1,0,0,0,0,,20,295,0,2,268,74,81,9,3,4
1,all_matches.json,,,2,j3YIS1A8IDW6cq1obRtaj_-Bqz107lH-NmpxFAT34ze45qfGF7gk08pqDgPRtq1fp8-VSb9QxNT7sQ,254,100,JUNGLE,4,6,8,13,9762,9,134,17,9,0,1,13731,192401,15660,0,14855,805,39312,36763,10750,0,0,0,0,0,False,1601,True,False,False,False,1,3,1,0,0,0,0,0,,16,401,0,0,129,0,97,9,17,5
2,all_matches.json,,,3,sUhMTtS7Nku4YPgEKLhaB7LSqT0FWqjWMYwdhJIBTgtGTmjKv3tCD39PhgY-sY1dOxfS3HnI0DpY5g,7,100,MIDDLE,3,7,7,14,10236,166,0,25,7,5,4,2852,80632,22828,18675,1867,2285,23497,10179,713,96,0,0,0,0,False,1601,False,False,False,False,1,3,1,0,0,0,0,0,,29,562,6,8,84,115,39,24,4,4
3,all_matches.json,,,4,TnFk5s_rg2qBlwLzzY2DNrzUwFCWX9zL8XMhxe_KO3pEEW2gDh2SXh7aMVoVrwmbXKF9rgHkuwoOsg,18,100,BOTTOM,3,7,4,13,10597,181,5,14,8,0,1,6262,130535,23476,2906,20491,77,21203,11366,4226,4226,1,1,0,0,False,1601,False,False,False,False,1,5,1,0,0,0,0,0,,20,1094,0,1,38,28,34,6,5,4
4,all_matches.json,,,5,uILrsk3ftOPRKgPwQh2Fx2_izi_Qyn5vym0mmkkPWi_nUqVdDWucTGpnA_d7OwOynr0A2BnqVDIkgQ,117,100,UTILITY,16,1,4,12,7259,22,0,55,25,0,3,5177,25068,12626,9672,1820,1133,19307,9806,0,0,0,0,0,0,False,1601,False,False,False,False,0,0,1,0,0,0,0,0,,17,1100,0,2,66,43,65,8,3,6
5,all_matches.json,,,6,ss4x45tI9Zz44APkTCagS4EHTBi2NfUO-Wo9fke4vcwKAsoBC1SgHlvZehSwXdcCBdCDgMdeziuKwg,133,200,TOP,7,10,10,15,12624,142,0,15,8,0,0,4018,94259,24193,0,21165,3027,27669,13906,2455,2455,1,4,0,1,True,1601,False,False,False,False,3,3,1,0,0,0,0,0,,19,295,0,1,48,9,35,14,4,4
6,all_matches.json,,,7,mVQfLZOKyfcGjZnQ3epAdvrxJCMrnYJovhQS8Qa-6EvjMmpMr1E3ZSwIbmIgLB41auWrOiTNQGJweg,83,200,JUNGLE,9,6,2,17,13660,46,171,27,4,3,6,24544,292933,27167,5616,19527,2024,31450,20746,66368,8570,4,7,1,1,True,1601,False,False,False,True,1,5,1,0,0,0,0,0,,14,898,3,5,213,22,114,3,3,16
7,all_matches.json,,,8,6SHMb3SImhJdJ0MovZpx0YQkV2ThU8aaSTw2VLVistHKiIOK920qpT6WYzZiILZPewEBBlLKN9o8DA,84,200,MIDDLE,8,5,1,15,10645,174,0,22,8,2,1,3770,105612,20515,18084,1180,1251,20565,14104,7741,4618,2,3,0,0,True,1601,False,False,True,False,1,5,2,1,0,0,0,0,,18,1479,2,3,155,31,82,16,4,3
8,all_matches.json,,,9,HfvURiz37uvbFonQdg9GwSukNYu0u0X9GASTI2EkvbiRErngxyCPc8Xmh64RKTyhmB4UCXpzrGtdYw,202,200,BOTTOM,10,8,6,15,12257,166,4,12,9,1,0,6530,116635,23117,567,21941,607,22162,11897,10312,4095,1,2,0,1,True,1601,False,False,False,False,2,3,2,1,0,0,0,0,,17,529,1,2,71,40,29,32,3,4
9,all_matches.json,,,10,NHcbsISu1X6dffUlR115N9h_Fx2QYJE8Le_rJJVVihLLfpQ19ivdDk01TUMBu3AIJ7BmO3IJQivi0w,518,200,UTILITY,13,2,7,12,7420,20,0,43,15,2,5,1691,34639,18983,17259,903,820,18977,7889,565,565,0,1,0,0,True,1601,False,False,False,False,0,0,1,0,0,0,0,0,,21,507,3,6,79,34,39,9,4,5
10,all_matches.json,,,1,oB50TfZ8zw9-Atbh00w0gdYuzYEladnuJ5J5Yh_F1uqXv2Y3_aDatvou6O5VOh042pMC6oXrgBWMjA,875,100,TOP,3,3,7,15,12115,199,8,13,6,0,0,2570,132103,24716,90,16812,7813,33975,30259,3856,3856,2,2,0,0,False,1660,False,False,False,False,1,2,1,0,0,0,0,0,,20,735,1,2,77,18,36,6,5,2
11,all_matches.json,,,2,fBAZWPXkY-gR_mwFpXRKHtdITWZNTKVEDVdcpsveLTr_vTH9QRpHjQW_JQGnXnEbeFxUs2D1gAV1bA,35,100,JUNGLE,6,5,7,15,10820,16,165,21,6,3,3,11316,225353,14855,3999,8624,2231,30086,17306,11891,0,0,0,0,0,False,1660,False,False,False,False,1,2,1,0,0,0,0,0,,26,340,4,5,52,62,58,113,18,4
12,all_matches.json,,,3,CO1ZIbLZpKPmS752iKqagMW8Xntf4E1J8sfnkpfAAnMNu8l3BtQFIQZhr-UCGGqXD48-IqKbV2jnEw,157,100,MIDDLE,1,5,10,15,11866,216,0,4,6,1,0,6314,150915,17227,2812,13974,440,34169,34305,1542,1542,0,0,0,0,False,1660,False,False,False,False,1,2,1,0,0,0,0,0,,22,273,1,3,245,28,207,3,3,3
13,all_matches.json,,,4,EvV71vyn8O4IGKCNcsuxrdr4Je_b4S7MABPYLoBUtNlMF6RT7H1EGN6tO5rQtbXzZzX4w9D06rIzfw,147,100,BOTTOM,4,1,5,14,9719,205,0,19,11,2,1,2270,112546,11686,10678,1008,0,14580,11239,192,192,0,0,0,0,False,1660,False,False,False,False,0,0,1,0,0,0,0,0,,20,666,2,4,114,30,70,6,2,3
14,all_matches.json,,,5,mfGegbExduR4JS6S1NqUuSWSV6Yhhfd-x6Cm3pIvHaBMIDKS1oTayCDerITu2FmNZeF24hIID2LMSg,412,100,UTILITY,5,0,8,13,5876,24,0,37,22,0,2,905,17252,6095,4547,657,890,23306,24772,156,156,0,0,0,0,False,1660,False,False,False,False,0,0,0,0,0,0,0,0,,15,390,0,2,52,30,19,7,5,5
15,all_matches.json,,,6,WyYPwyIKAR7IaBFOC9nHCPC4cposLsKFfZdFGmzZ1BoiorPlMaeXZpnrS_85HzKPg9NulmLd0a3GEQ,897,200,TOP,12,4,4,17,11652,186,0,11,8,0,0,6077,135725,19482,2309,16445,727,34622,60020,13292,9437,2,6,0,1,True,1660,False,False,False,False,0,0,1,0,0,0,0,0,,19,781,2,4,221,47,86,6,2,4
16,all_matches.json,,,7,QAR02mhT8UGN2bsHhpZalCI7PTurJ1FNN0gKshUvg4trOPfANGaXE2wwIh2VE8lWYQX9ScyFs4PM1A,64,200,JUNGLE,14,10,3,17,13989,38,152,33,13,3,3,21879,268405,23171,3683,19041,446,33268,42736,37326,5293,2,6,2,2,True,1660,False,True,False,False,1,9,2,2,0,0,0,0,,20,1070,3,3,241,233,175,5,4,19
17,all_matches.json,,,8,1ZLCKXWJfDlI8VpV7uFjnTatPu65meUMn97Hndc903FRnUZwNa1UarGPFFQsoXLICegjstwJ_QTOSw,800,200,MIDDLE,9,16,3,17,15505,237,11,15,9,1,1,2784,164421,32651,29021,3238,391,18187,11892,8754,5945,3,5,0,1,True,1660,True,False,True,False,2,10,3,2,1,0,0,0,,23,1124,2,5,146,27,121,10,3,3
18,all_matches.json,,,9,_8FqWfv0Lj8t8FbnGJY6OqZPRKFP8lC03VNkRZBB8UzxUsVr4yo0qYeodaMAS6Wp6G2Hm7p6m-hkTw,18,200,BOTTOM,4,7,3,15,11920,215,12,7,6,1,1,5460,173445,27042,1527,24818,696,17220,9503,30450,7775,1,3,0,1,True,1660,False,False,False,False,2,5,1,0,0,0,0,0,,14,1095,1,2,45,21,36,5,3,2
19,all_matches.json,,,10,ZcKhCYZUWvZFx8iMEMiZ1GXD9zkuSmJ4tpXUARxapZIZP8BMMHjCWnJfeHzMIWgkheqJdEdK21M1Qg,40,200,UTILITY,28,0,1,14,8444,16,0,68,29,1,7,10860,22980,10173,7432,1549,1191,10530,7636,4750,1475,2,5,0,1,True,1660,False,False,False,False,0,0,0,0,0,0,0,0,,16,584,1,3,89,65,64,5,2,4
20,all_matches.json,,,1,O3OBYru-4GMgWWjXOr1YzwtFHMSzmh8WiJgMPavLhqBgq_QYgrI1xDyiMlrmhaAs9TNnCufPJ_V_NQ,83,100,TOP,5,4,8,17,12960,248,4,18,10,0,2,16139,196457,28553,9133,19199,220,52853,33773,5370,5370,2,2,0,0,False,2074,False,False,False,False,1,3,1,0,0,0,0,0,,27,645,0,2,191,30,41,7,4,3
21,all_matches.json,,,2,t1wLPAdlaN1kGqSczdNGQM0QSX6YCUcNeo-txsoRb0VDHEXbf4oinw5hpUCo3IG7HTFit6M3WLY6ew,64,100,JUNGLE,16,3,9,16,12092,24,131,13,9,0,1,20815,214324,15904,2533,12112,1258,49292,41492,1467,0,0,0,0,0,False,2074,False,False,False,False,1,2,1,0,0,0,0,0,,15,442,0,1,188,129,114,8,13,6
22,all_matches.json,,,3,LPc53ZSIttQ4NdIhADztijUhGEM08WjM0Hoq_HtZeDJVKpDlhD5NBcBVMtXhdranJwJ8BnPjBMixGQ,800,100,MIDDLE,3,15,9,18,18328,247,20,18,11,1,0,4235,199988,50932,47952,2966,13,31038,17322,4484,1657,1,1,0,0,False,2074,False,False,False,False,3,6,3,2,1,0,0,0,,28,406,2,5,161,30,123,11,5,5
23,all_matches.json,,,4,4gVgkBA7zPZYJ4dUTTHcOVHgauPS6lLPXpzN6CMlndhucQXUs6Li25mUpDHyZFLNfpawqjZoWgCfgA,498,100,BOTTOM,9,4,11,16,12365,209,11,14,9,0,2,5063,183938,25115,118,24996,0,31914,15247,11594,3057,0,0,0,0,False,2074,False,False,False,False,1,2,1,0,0,0,0,0,,24,289,0,3,90,41,62,7,5,6
24,all_matches.json,,,5,BIVjwob0A4wQB67rgDd-RMUeEhLMKfEEP3uX4NGpP2KEK_i2NOsqFeco9C4JyBrvtluoG4wXx0rRQw,526,100,UTILITY,15,5,15,14,10064,30,0,58,22,0,8,419,27009,16321,11436,3530,1354,33084,61181,637,106,0,0,0,0,False,2074,False,False,False,False,1,2,1,0,0,0,0,0,,24,206,0,2,80,59,45,10,7,8
25,all_matches.json,,,6,WVfsUOTpXMa4dyqSb7a52Tr8C9Bs-oIKAuQ6v_96Bo7JtuTL8yze8KDBoCebfvdoYI0xFG58z3QIRw,82,200,TOP,8,9,7,18,15226,175,0,27,12,2,2,14315,202438,40255,35296,4622,336,44775,63839,18767,8775,4,5,1,1,True,2074,False,True,True,False,3,3,1,0,0,0,0,0,,28,814,2,3,169,79,66,10,5,5
26,all_matches.json,,,7,YVD3xHcQNUYVH96wdATkb1v5fLHIiU6hsZxIXa-JAhFT06QSyGWrMhBP1wlNNLJ4bTy2QZgZlZjtsQ,104,200,JUNGLE,13,10,3,18,17192,57,215,30,5,4,3,19953,386450,30165,1056,25091,4017,38265,27396,75910,1123,1,2,0,1,True,2074,False,True,False,False,4,3,2,1,0,0,0,0,,22,1157,4,5,104,22,64,6,2,16
27,all_matches.json,,,8,S5aESfsAR2mbk0aZXwY84vFQ7_FBkG1vfB_4_B_Pa5KxEfqRCehwHOEFhT8SQzqh5wjY1LqCxL8iZA,238,200,MIDDLE,5,12,6,18,17307,260,4,12,3,0,3,3896,233196,30335,1165,27350,1819,28850,21090,7230,6985,3,4,1,1,True,2074,False,True,False,False,4,3,2,1,0,0,0,0,,26,364,0,1,143,163,134,21,4,8
28,all_matches.json,,,9,nf9RvSj4fhFrCn6lJmvitQNDse6LneCle9yJJOg2R6ZCfad5JsiSK57C7PtZeVGLLmrvuoqywM5gdQ,50,200,BOTTOM,21,13,5,18,16059,184,9,18,14,1,3,22399,229983,49976,47855,1869,251,48696,29886,20848,4323,2,3,0,0,True,2074,False,True,False,False,4,4,1,0,0,0,0,0,,24,810,1,3,210,88,124,23,6,4
29,all_matches.json,,,10,uryABLzMjvLN6C_zaM5uKXJnMeQ8ISMR2BNXuDY3EpMnDfQCkViK3qaPHH3GlreXcSYynaPMaB_7Xw,412,200,UTILITY,22,8,10,16,11897,25,0,87,37,2,8,2758,33298,15342,11362,2384,1596,33126,38839,5476,1332,0,2,0,1,True,2074,True,False,False,False,2,3,1,0,0,0,0,0,,22,549,2,5,74,36,42,11,6,10
30,all_matches.json,,,1,2RdIzHKrHNcPrCEfOtdS1IwEtljmvoZHgzQkHTJGjSgPT7SObpFK-yKJAf7pqe7WgLRMB9muPR-lPg,875,100,TOP,1,5,6,14,10880,146,0,12,6,0,1,1669,111736,16253,0,11799,4453,26121,26971,22910,18097,3,7,1,1,True,1549,False,False,True,False,1,4,1,0,0,0,0,0,,22,637,0,1,54,12,29,8,4,3
31,all_matches.json,,,2,FMdy9Xme3ss9ObmFv5GNWUNIYwcJIYoMRbhR5rwcMuc3EbpIVmaA6tbq3EQqD6NBuYFbmSQuXQriZA,35,100,JUNGLE,17,10,3,17,13863,24,187,15,2,0,3,16448,269551,23993,6885,14971,2135,30747,17410,45382,2218,2,4,0,1,True,1549,False,False,False,True,1,9,1,0,0,0,0,0,,16,234,0,0,82,90,99,225,17,3
32,all_matches.json,,,3,zHGHa4Y_fC6_d0RVdqLk-GL2_noBkqG1lQY4L3IhlUTOg_NGQU5yv5Wl1gTwai5FQF6NCCFpaGMPmA,7,100,MIDDLE,10,13,2,14,11311,91,0,20,5,1,2,2479,62972,22247,19429,1139,1677,13348,5860,3765,2335,1,3,0,1,True,1549,False,False,False,False,2,8,2,1,0,0,0,0,,28,729,2,10,73,121,40,21,5,4
33,all_matches.json,,,4,RosOpUt5E8QC_cXQ-gEpKJjtJRtsxUZsk43SCm6EaflniOcYqGUYc8-7VUOBHQZmja0-FR-nWjPIXA,222,100,BOTTOM,12,11,9,13,12873,165,8,18,10,2,4,2022,144037,34484,449,33730,304,19305,10426,17469,11223,3,6,1,2,True,1549,False,False,False,False,3,4,2,3,0,0,0,0,,22,315,2,4,123,55,17,6,4,6
34,all_matches.json,,,5,MTqFD9BAedXht0FRXAmSsp1IX0ntd1HTnh2YrZOJLLdr40nsrW1LXMuu-hc0sr53m3RFrP1E3lzhZQ,89,100,UTILITY,20,1,9,12,7965,32,0,68,27,6,11,2686,16532,6822,4344,1818,660,22463,22966,1162,1162,1,4,0,1,True,1549,False,False,False,False,0,0,1,0,0,0,0,0,,26,318,7,10,63,24,29,7,4,5
35,all_matches.json,,,6,ajca7xC9j_Mr-xii9zVTBFO9qmr69mVd_nUhHYKL_7YLdeV6BN8jTJSIg9gSKxLFATO35ppWDSqW4w,6,200,TOP,4,5,9,14,9990,172,4,29,11,2,3,4587,120199,21204,0,18694,2509,24334,22743,4483,3999,1,1,0,0,False,1549,False,True,False,False,1,3,1,0,0,0,0,0,,21,220,2,4,52,238,24,7,3,4
36,all_matches.json,,,7,YpngnEZLhqRpfeVcAp9Pa2vxC2goQCk4eg-Xoij2-aqP8X-dkFp8w7Hz6WeG1eaV9BkjjGxbWVaHrQ,120,200,JUNGLE,9,8,7,14,10743,28,134,14,1,1,2,18717,191758,14117,3087,10619,410,37213,27150,10823,0,0,0,0,0,False,1549,False,True,False,False,1,3,3,1,1,0,0,0,,19,593,1,1,294,51,55,9,6,14
37,all_matches.json,,,8,Wt5Mpe_uylKMyczUyfE-aLPvjByI6vpbemC11oS3UIp5XY1BMkHlBsUqRRZ8F5uPK1bQo2d7tJK69g,69,200,MIDDLE,5,6,11,15,9555,176,0,15,7,2,1,5955,94510,13603,12978,625,0,32326,16948,872,430,0,0,0,0,False,1549,True,False,False,False,2,3,2,1,0,0,0,0,,25,186,3,7,114,23,345,7,3,4
38,all_matches.json,,,9,UIHHzHW4iqUyN1SCtr-Xbv0hF5-hBNwkBq5OBxqliy0adR_3G_ubKsVdpj545j9PYfdGlZzorF59Og,145,200,BOTTOM,17,6,9,13,10904,173,0,16,8,1,2,1913,120694,22830,8794,13280,755,20784,10723,2724,2207,1,1,0,0,False,1549,False,True,False,False,1,4,2,1,0,0,0,0,,22,388,1,4,83,40,84,6,4,1
39,all_matches.json,,,10,HAkAjLtnxQanddkJ87CazkTixev4U8bi9NB_sOZdUnoCVR0MNwwsHZOjtDUSwuveVdjeibfUbWLRNA,526,200,UTILITY,20,4,4,12,8630,20,0,70,30,5,5,2619,20852,11532,7955,2522,1055,17224,30167,209,0,0,0,0,0,False,1549,False,True,False,False,1,2,1,0,0,0,0,0,,24,537,5,7,40,39,57,7,8,7
40,all_matches.json,,,1,Eh8W_fATL06_PJn8RbfBjK1Ojy8ZhUiFUfU7714HS0io4J4HhjUBLBJ13liMo8j1Wd0pp5LeMzqmwg,85,100,TOP,4,7,4,15,11087,184,4,18,8,2,3,2608,113469,20658,19101,1466,91,17473,9841,13584,6688,1,2,0,0,True,1576,False,False,False,False,2,4,1,0,0,0,0,0,,25,837,3,6,135,40,97,7,2,3
41,all_matches.json,,,2,WQnwsO7XLapDw6Fr9jsQudmLIdVoTQt8hu7bDGHP23FWvSXFIjSWdcHKa0jlW4IeKuRXRFVm1lxU9g,950,100,JUNGLE,10,15,0,17,15041,21,195,18,7,4,0,25367,306143,30903,0,29226,1676,35864,25747,54006,1114,0,1,1,1,True,1576,True,False,False,False,1,15,2,2,0,0,0,0,,26,0,4,5,227,27,189,16,0,18
42,all_matches.json,,,3,3kkkBw4z39m7Yu9pvWE5j4wky1AEhKX0_btQXb4MObcAXTssdhY2UuIyB3mngtsu8TrQd7HQEzvRsQ,84,100,MIDDLE,9,4,1,15,10212,168,0,24,12,0,3,4100,101644,16143,13913,1163,1066,21598,11599,6133,4300,4,4,0,0,True,1576,False,True,False,False,1,3,1,0,0,0,0,0,,18,795,0,1,127,24,75,23,1,4
43,all_matches.json,,,4,z-UJfqRZMo7SpS1PARIAZymIKUDPWx3mu-dxuLJ9camdKrMUQT_5opui9yadLf88SWy6aZn4Gp_8Qw,110,100,BOTTOM,9,4,5,15,10587,187,8,21,15,4,3,1862,113831,14266,2425,11749,91,14704,7684,6334,2895,1,3,0,1,True,1576,False,False,False,False,2,2,2,1,0,0,0,0,,22,650,5,7,63,21,53,6,4,4
44,all_matches.json,,,5,uTuVARw64_m_oFZEKspHtqnWsQH6IzAVazJQLO0-uJhcdr0bxs4XBbQXw7l1YoNAXyLsEdSj2k_w3Q,432,100,UTILITY,20,8,6,14,9896,18,0,74,30,7,10,5485,22342,15966,8007,5472,2485,20114,11528,1298,502,0,1,0,1,True,1576,False,False,False,False,2,5,1,0,0,0,0,0,,29,430,9,11,35,45,21,6,4,6
45,all_matches.json,,,6,JA4SarndSOjib-MlNfMSPOvaO07hy9KJokj9bHFkzxVpuozvnT-d-YN328K6_W04FoEdb-VF_3pBJA,68,200,TOP,3,4,7,15,10287,200,4,19,8,4,2,1978,131103,23446,22034,1052,358,22913,20605,3879,3269,1,1,0,0,False,1576,False,False,False,False,1,2,1,0,0,0,0,0,,21,352,4,6,130,129,150,7,4,4
46,all_matches.json,,,7,EPIuqSyDRCkxxTvLAfmfboMpLDp68W7pCYu1c2s5Cmb6A00bs7EGzwLKpU575NUfkkg_eis0uHBHYw,75,200,JUNGLE,2,4,9,14,10248,14,150,15,3,0,2,19515,240731,18591,4403,13289,898,43895,32247,11258,554,1,1,0,0,False,1576,False,False,True,False,0,0,1,0,0,0,0,0,,21,535,0,0,169,24,80,14,3,16
47,all_matches.json,,,8,-x1a5O6GxeaDO3t_ZpFleheHZJxEMtLzN9AiZ7aFrNVi8zBTYiv6geV5-_pTHJ5oghDkasl6TJVBzw,61,200,MIDDLE,5,0,8,13,9083,185,1,26,12,2,6,122,94951,15280,14142,1138,0,19301,16316,3512,2570,1,1,0,0,False,1576,False,False,False,False,0,0,0,0,0,0,0,0,,21,544,2,4,147,101,53,8,4,2
48,all_matches.json,,,9,rxf0BgZ5ylYDULFcoxizkGjPjcYPGp8QmpTOt137kzf93RQ3dv8k1_FRyFS21bGtfQcxpmsUuvZmAQ,202,200,BOTTOM,2,3,6,13,9992,197,0,11,8,1,0,1927,113595,10303,666,9564,72,17068,7481,2883,653,0,0,0,0,False,1576,False,False,False,False,1,3,1,0,0,0,0,0,,23,1024,1,2,56,25,35,12,5,3
49,all_matches.json,,,10,COiXTl-12BlR3keNKx8yp875BshPAcMmy1WYbGWeoQcwnx4Ejn3gb2yUH_mxD6ABnsNeV22GsfTvyQ,555,200,UTILITY,5,5,8,11,8848,28,0,89,41,10,12,3907,21357,11235,0,9129,2105,20590,8223,682,682,0,0,0,0,False,1576,False,False,False,False,1,2,1,0,0,0,0,0,,32,789,11,13,44,54,31,7,4,6
50,all_matches.json,,,1,WjnapE6g9QOF0eV7mSByCbEhvbmWCw28ipiM3b1XZpD9qD4vXpuA-xT6tIhQ8sM2lcmKBkC_hfJHjA,68,100,TOP,4,6,7,16,10709,189,10,12,4,1,4,3186,156112,26218,25126,960,131,26767,25716,2087,2087,0,2,0,0,True,1731,False,False,False,False,2,3,2,1,0,0,0,0,,22,285,1,3,112,116,153,13,4,5
51,all_matches.json,,,2,IdZUfrplcC6alIrNvxfgvzko8NgdxYObh8bTztKK8EUX4wo6VI0EK6NrBrZmsqw4mb3HBeA4VPKcyQ,78,100,JUNGLE,15,13,3,17,15668,27,160,37,8,6,5,20413,265136,29278,1758,26048,1471,39174,45782,43764,3343,1,5,0,2,True,1731,True,False,False,False,4,6,2,3,0,0,0,0,,32,423,6,7,200,59,60,10,6,20
52,all_matches.json,,,3,WM7VdjHQ7IuF6Tfr_BccqY7fE04dgJyPwbFpk2CfthcwRNiDKNkOdovONHvqO7NS-tms-uMde6ZyoQ,92,100,MIDDLE,10,8,4,17,13063,215,4,6,4,1,0,7492,139549,20922,0,20922,0,29115,41515,8693,4075,2,4,0,2,True,1731,False,True,False,False,1,8,2,1,0,0,0,0,,19,1026,1,2,349,58,136,16,3,4
53,all_matches.json,,,4,spZNE1jvYUY437KBZb5A7B0V0LH_N7hP8nN4c4elsZkJdrWba9_QuKgYGDT7LUXJ1iar4c4mTRmNsw,235,100,BOTTOM,16,12,4,17,16456,217,11,28,10,2,7,21763,168390,31609,229,30375,1004,21964,14584,16758,9881,6,8,2,2,True,1731,False,False,True,False,2,7,3,2,2,0,0,0,,20,843,3,4,120,69,20,9,4,4
54,all_matches.json,,,5,x1VNMjGfekCCt3kY4vkmK5hlNMsU701WNDOICUzlwLRVR7d65dmFzvKwV86WwTXdem3qtcjxO9etYg,518,100,UTILITY,20,4,6,14,9971,52,0,57,26,5,2,5691,76554,21561,19417,2144,0,26538,11617,8671,3050,0,5,0,2,True,1731,False,True,False,False,2,2,1,0,0,0,0,0,,22,548,5,7,92,133,54,9,7,5
55,all_matches.json,,,6,efg-0FUrnMNjiFj1IR_mI-4eq65bGJpwcpRkMBlrN4-CTPzBVqTTLJSkR_aJtF4q6dvmZCu7c84zmw,799,200,TOP,6,2,8,15,10535,219,4,23,8,4,1,6093,153948,20862,830,19989,42,35562,35178,1844,0,0,0,0,0,False,1731,False,False,False,False,0,0,1,0,0,0,0,0,,29,464,4,5,140,42,74,9,4,3
56,all_matches.json,,,7,JBkqpg4lck-DQKNtIo4YM3IQURkFHnMFvbVXIGjx94-o_m66VSf1mDkK6KJwymtGs4wa2LdwTYM21Q,77,200,JUNGLE,5,7,10,14,11022,13,152,17,7,1,1,16426,206285,22953,17921,3996,1035,43363,54772,7846,222,0,1,0,0,False,1731,False,False,False,False,0,0,1,0,0,0,0,0,,22,358,1,1,88,113,155,173,5,17
57,all_matches.json,,,8,G-J0bcCtWKwX3NQcsrsnXOkdfxBYHKCrI_oCaLAkCT5Iew5fDfkSn90l-ltC5fosEgS40R_BZgVPcg,134,200,MIDDLE,1,9,4,18,17254,292,0,18,9,1,1,1360,201823,29142,23783,2353,3005,15666,9390,9402,8532,3,3,0,0,False,1731,False,False,False,False,2,6,1,0,0,0,0,0,,19,757,1,3,170,158,45,11,5,5
58,all_matches.json,,,9,wZ4Q6ERa2AxwHBNGvMc69G67g_Zld5xWtXIqY7R8Zq2HlnaZYJP8eQmoxT7j1appIEXmFQVG6sZQeg,18,200,BOTTOM,6,4,14,14,10385,159,1,21,9,0,4,4315,122436,29442,3423,25286,732,32493,15497,258,258,0,0,0,0,False,1731,False,False,False,False,0,0,1,0,0,0,0,0,,18,212,0,1,32,39,43,8,4,6
59,all_matches.json,,,10,ANavIsgvJUblFHdhCGQTDIj4ygD0mFHDZW3XHiOYUPI5NsNUb2QwRILfalAmozNnBbYw_73Llag6Og,412,200,UTILITY,10,2,8,12,7332,13,0,69,37,6,4,2152,11889,7363,4576,1572,1213,25673,21096,493,94,0,1,0,0,False,1731,False,False,False,False,1,2,1,0,0,0,0,0,,26,560,7,9,38,25,18,15,14,7
60,all_matches.json,,,1,RqYXo0KImPSfxEO52vpUv8mj_qVtRVYzoJ7oOl06m48pB8Jg9IoNLV7tm81uzKFcOa9O5LAZ7vUpJQ,76,100,TOP,0,3,5,14,10800,195,0,20,5,1,3,7031,116942,14600,8114,5279,1206,23594,17996,8499,7909,2,2,0,0,False,1420,False,False,False,False,1,3,1,0,0,0,0,0,,16,485,1,2,87,203,81,126,3,3
61,all_matches.json,,,2,ajEBAJhXVcgnNfn0NQnJLa63O49gAls42X1Hkg_u5eZU4wKTNGL0Txa97KjPbrrzgfKVYKFWq9kXFQ,59,100,JUNGLE,2,1,8,13,9345,17,153,30,8,0,8,7456,184568,8842,523,7570,749,23500,26965,502,502,0,0,0,0,False,1420,False,False,False,False,0,0,1,0,0,0,0,0,,17,401,0,0,97,61,78,5,2,12
62,all_matches.json,,,3,IW4envruiFj7Z3xAcGQdbD99tKKoTbFIDOXpYLHpxzfnJx4cPHud0e6-TbrgqL0DoplWiWu8Lig0pg,134,100,MIDDLE,0,2,4,14,9635,208,0,14,8,1,0,753,115085,14364,12740,479,1144,10576,5058,1154,843,0,0,0,0,False,1420,False,False,False,False,0,0,1,0,0,0,0,0,,14,602,1,3,124,126,42,3,3,2
63,all_matches.json,,,4,OLERamRBzUJHrQGmuTTOQxdQjjSwiWB0eRam71fP56pRD_p0dL9Uue8NHj1KSsyTDuACNmAZWA8luA,895,100,BOTTOM,1,0,9,13,8673,191,0,11,7,0,1,2948,100965,8824,0,8732,92,20518,9797,4320,4320,2,2,0,0,False,1420,False,False,False,False,0,0,0,0,0,0,0,0,,19,401,0,1,87,20,25,5,2,3
64,all_matches.json,,,5,s49suvGNcVsa5fpDnh8wwLRgnC4Hud6eaVQurIVmloU0W8ZngJabpuxBlnM2Xcd6Xy_PHRyyFf_MEA,78,100,UTILITY,3,1,4,11,6560,20,2,68,27,5,11,2014,20797,7649,575,6227,846,17546,11946,190,190,0,0,0,0,False,1420,False,False,False,False,0,0,1,0,0,0,0,0,,19,609,5,7,31,13,12,2,1,4
65,all_matches.json,,,6,PwqBrNMi-_URy12C1009BV07L2-R4WgQtCI1u6P-KSBTOVEPyjkK7iz3dWN9dWqlF6j_HjJHyxCviQ,39,200,TOP,4,2,1,15,11554,213,4,15,8,2,2,7492,137352,9213,2367,6846,0,15574,10765,12128,11964,5,6,1,1,True,1420,False,False,False,False,0,0,1,0,0,0,0,0,,19,773,2,3,209,17,42,5,4,2
66,all_matches.json,,,7,Qqo51QI7dyN1fWZvchr7o85AluWmkQWYIKBObNfp2MIg-VpGwG2p2D-o6kk7GSiwP8epVMEZENTMrA,5,200,JUNGLE,9,3,3,14,9971,10,143,27,4,2,4,22387,209341,12416,795,11190,430,32696,18524,45633,3134,2,4,0,0,True,1420,False,False,False,False,0,0,1,0,0,0,0,0,,16,601,3,3,81,115,0,5,15,4
67,all_matches.json,,,8,WGo81hQ-jUtrWyJBCr1H-SEOe88bvzPeErZFvf0zIVJBeQdSJU8BO6l8NEhySgWRM_G31R74rc8pHQ,31,200,MIDDLE,5,10,1,15,10768,157,14,13,5,2,0,7010,125130,22087,12757,3082,6248,16686,10838,15327,3252,0,3,1,2,True,1420,False,False,False,False,2,8,2,1,0,0,0,0,,22,668,2,4,89,43,60,17,2,2
68,all_matches.json,,,9,KMf7-5qBrbJ-kiJp-yOHSJEs6GjsJLX3VQ8z43yD-2_Wpk6IvoSgjB31U4JSQiZn2ZUnMitOwpps_w,221,200,BOTTOM,5,13,1,15,14961,212,28,21,8,1,6,4649,179548,26289,7741,17949,598,12275,5072,24728,6138,2,4,0,1,True,1420,True,False,True,False,1,13,2,1,0,0,0,0,,22,1358,1,2,626,51,38,7,4,3
69,all_matches.json,,,10,kiZo6UwvvewDAbD-gSTQWPDqQaPBjMXBuhxGBx5-6k09OFKyZ4vGe15-x-H4if8Mhf7gR3efs-K8SQ,111,200,UTILITY,16,2,1,13,7647,23,0,71,30,6,7,1363,22183,8262,5020,2657,584,9886,17209,6074,3392,1,4,0,2,True,1420,False,True,False,False,0,0,1,0,0,0,0,0,,25,495,6,8,52,34,34,6,11,5
